menuitemid,menuitemname,average_rating,rating_count,rating_stddev
itm-4302d464-5a4a-4c90-8798-126de468d368,Double Double,4.71,112,0.67
itm-18ac688a-9d32-40f9-909b-436de8d327be,HWHAP 3 Tenders and Fries Meal,4.4,171,0.67
itm-c4f3f0c5-c57a-40d7-a3a2-b12fbcb29fef,HWHAP Classic Sandwich (a la carte),4.74,379,0.34
itm-54dcc1b2-e7fb-450f-b987-87623145b6ec,Caesar Dressing (2 oz),4.54,115,0.35
itm-0020ec44-11f6-4730-a5f3-206652882d31,Maple Syrup (2 oz),4.39,408,0.31
itm-3713f641-3c78-4c70-a45c-91debdc83ca5,Original Sandwich Platter (10),4.36,432,0.65
itm-b42f0252-840d-4a6d-bde5-aea3dc96401b,Red Velvet Wheely,4.54,329,0.59
itm-2de55580-e8d3-4878-9bb1-458fc2e03eae,Cilantro Ranch (2 oz),4.85,103,0.68
itm-9627e762-46d3-499f-ba06-a7a185f14f01,The Mondi,4.33,316,0.47
itm-3be78ee3-3d5b-400a-89db-62804341738f,Chilled Cucumber Watermelon Lemonade,4.32,490,0.47
itm-347f52f0-7613-4c78-934e-e0773ce1fa7c,10 Tender Tray,4.27,149,0.48
itm-c7a051df-d97e-4fed-a3b7-273c756b13bf,Original Hot Chicken Sandwich,4.48,235,0.7
itm-932545d0-ee1d-4d28-b394-d09f4583383f,50 Nugget Platter,4.78,374,0.36
itm-d53628f9-dd35-4e7c-a0a8-c0950dabe0e9,20 Tender Platter,4.94,140,0.58
itm-6af13cee-190c-4202-a470-5cfec10d2210,HWHAP 10 pc Nugget Meal,4.86,416,0.74
itm-86a795a2-1d3e-45cf-b021-68826343b277,Small Fountain Drink,4.49,198,0.65
itm-18510abe-0b1e-44f0-9159-44457210064d,Waffle Sandwich,4.24,216,0.69
itm-901132b0-8e64-46b4-95b7-4317331f39c0,Cookie Crumble,4.99,219,0.73
itm-975fe732-99e3-4582-8e7e-11a9944660e6,HWHAP Loaded Fries,4.5,332,0.62
itm-aa06c34b-bd82-485b-ba88-63d1d9b97a8c,Shareable Caesar Salad,4.49,289,0.48
itm-cffb5cd5-2086-41a6-9b7f-8e2123e6aa14,Texas Caesar Salad,4.74,459,0.77
itm-b8ec6b52-ba17-4039-b6c0-e5aa934463c7,Tender (a la carte),4.72,411,0.62
itm-761e9494-dcee-48cc-beb2-94f07ea18c8b,Frozen Cucumber Watermelon Lemonade,4.63,225,0.38
itm-9efa06bb-1d5d-4a0e-9909-e723da5e3dbc,HWHAP Chicken Tortilla Soup,4.5,427,0.64
itm-b276eb1b-2c09-4ce4-baed-558139aea853,HWHAP 15 pc Nuggets (a la carte),4.38,266,0.72
itm-c0e7064c-2a2f-480c-8ada-0e140bfdd15e,HWHAP Cheesy Hot Chicken Sandwich Meal,4.82,217,0.71
itm-d9aae901-9661-4c7e-a12f-1ba067b67164,Large Chips Platter,4.84,305,0.43
itm-969b42ba-be7d-4720-9881-004680301a4a,BBQ Sauce (2 oz),4.37,390,0.74
itm-39c0c096-ccc0-42a1-9d0d-82b7d7e6ca22,Shake N' Fries,4.45,435,0.55
itm-c5639ef8-2aae-4291-b7ee-72903ec0c430,Chilled Strawberry Hibiscus Lemonade,4.91,429,0.53
itm-185e8a5b-61f3-459a-9905-dd9ebbb827dc,House Sauce (2 oz),4.41,226,0.67
itm-581515ec-47a9-4abc-aea2-9db4537f87c2,Chocolate Chip Wheely,4.63,482,0.59
itm-acb95f5f-b91f-4e9f-be8a-6cf930ddf7a8,Cheese Fries,4.92,304,0.48
itm-5b9932cd-c6c3-4725-a91a-acf549a20ca0,Pellegrino Sparkling,5,170,0.55
itm-ca11167a-0e7c-4648-8a00-13b4fdd3352a,15 pc Nugget Meal,4.27,124,0.73
itm-b5812acd-12a5-476c-984b-a92addb9648c,Original Sandwich (a la carte),4.32,181,0.7
itm-c558bf87-257b-406d-974b-4a75eca3e74b,Southwest Salad,4.54,132,0.49
itm-89247769-02d1-4049-8c67-38d7b5b6337e,Cheese Sauce (2 oz),4.68,339,0.56
itm-e5bc4e0e-fcf1-4bf2-b3e2-24f42cd1309d,Cookie Monster Wheely,4.98,105,0.64
itm-1b749dcb-f4ff-43ef-b3b5-52cff9a37583,Regular Fountain Drink,4.29,374,0.68
itm-a27dfce0-5b2c-4d05-8ad0-f9d6379d5d0a,Classic Sandwich (a la carte),4.81,274,0.36
itm-aba8cee5-e0a3-4260-9577-c253724468ec,HWHAP Texas Caesar Salad,4.55,332,0.3
itm-c51db4d9-be7c-4410-b3d5-700271f59219,Fries (side),4.78,468,0.43
itm-de018b7f-0ea7-4e80-8f1f-b498fc12a3bd,Classic Chicken Sandwich,4.6,191,0.55
itm-645cef0f-b028-470d-a159-8a2f5d57d4db,Kids Meal,4.29,420,0.45
itm-5828b2a5-c976-4623-af05-7a7c03179122,3 Tenders & Fries,4.71,411,0.4
itm-6e6d6cc1-524c-4d66-b986-b7602c9001a3,Pickles (side),4.5,182,0.57
itm-f0385894-3d01-4874-b815-7747fb2fe161,HWHAP Original Sandwich (a la carte),4.82,371,0.76
itm-acea98e0-3a88-4f0e-b0c0-2b1303b18120,Chips Platter,4.68,350,0.31
itm-dabf9c8c-af38-4127-a3a2-084b1a1b7e85,Honey (1 oz),4.94,257,0.42
itm-e3ea6120-65dd-484a-89e8-70363f13be0c,HWHAP Original Hot Chicken Sandwich Meal,4.39,390,0.77
itm-21395a44-08e9-4600-ab09-b4a13f71f27a,HWHAP Classic Chicken Sandwich Meal,4.27,348,0.71
itm-170b2289-abe6-47c0-be6d-e2444f3db111,Cheesy Hot Chicken Sandwich,4.98,372,0.68
itm-6177b22a-ba7b-4c14-9e63-346d825ae9f0,Tenders and Waffle,4.3,343,0.77
itm-8f8bfd1d-586a-4bf8-a28f-56e0669a8907,Milkshake Vanilla,4.33,370,0.74
itm-dd091cf4-727e-4da0-be99-d2b05ce4f35a,2 Tenders Meal,4.54,208,0.76
itm-c877863b-53bd-4b0b-8d56-4182b2c691c3,Ranch (2 oz),4.8,453,0.4
itm-bb004cf7-5638-458a-a025-4a6197a3fd20,Classic Sandwich Platter,4.45,443,0.62
itm-4c9dce68-c404-425c-845a-df20eeaa1063,Chicken Tortilla Soup,4.55,364,0.53
itm-780326ce-0976-48b5-8781-ef0bdc223a8e,15 pc Nuggets (a la carte),4.4,132,0.47
itm-fb075f97-95e4-473e-ac92-2c392bf49247,HWHAP 2 Tender Meal,4.67,217,0.59
itm-e191152a-dabc-4688-a4ba-8c1808a836b2,Sandwich & Tender,4.21,462,0.62
itm-8539559c-46fa-4f48-81a4-ca18aafb3c3b,Tender and Waffle Platter (20 tenders/10 waffles),4.38,116,0.73
itm-ca2933b7-1b0b-4cfe-a38f-739887d661d4,Shareable Mac & Cheese,4.26,221,0.44
itm-430eb791-0d73-4aad-82b3-1d621ec9f056,Fusion Fries,4.59,376,0.37
itm-0310236c-afd6-4920-9e5d-b28f6b139ca1,HWHAP SPICE CHALLENGE,4.95,392,0.59
itm-bb3fbcdb-d967-48cc-addf-5b1e7d293da5,Shareable Southwest Salad,4.39,342,0.7
itm-fdc7150c-5479-44fc-93e2-b18edf182944,Large Cheese Sauce (8oz),4.35,149,0.63
itm-4294b1d3-4059-410f-9e46-133cad5a706f,Breast (a la carte),4.48,310,0.53
itm-28057ab2-675c-466a-8d16-0a24d92a548f,Frozen Regular Lemonade,4.78,444,0.63
itm-1b44e9cc-c651-45e1-8b77-c0d97bda672b,Milkshake Chocolate,4.72,131,0.5
itm-68ddcb4b-0c27-4abc-8058-be8107c6f253,Small Fry Platter,4.47,155,0.42
itm-3ffc7a30-d1c8-4b6d-bf9d-26eeeed44439,10 pc Nugget Meal,4.35,329,0.37
itm-5f12f99b-b154-4288-953e-9085b5d59872,5 pc Nuggets (a la carte),4.35,336,0.42
itm-a9b337c1-d18a-45b8-9a86-11acd57259f1,Waffle Platter (10),4.94,326,0.7
itm-d99e0c53-7e9d-456c-acb2-c2a708aaa3e4,10 pc Nuggets (a la carte),4.88,150,0.33
itm-6ca4e77d-8490-4159-aaa4-6056e1ff480c,Cheesy Sandwich (a la carte),5,107,0.78
itm-17198964-f83f-4b9b-ae6a-8fe9eb4511ac,Buffalo Sauce (2oz),4.94,221,0.38
itm-259ba08c-51bc-4368-854c-61d5b2a7f6ae,HWHAP Tenders and Slaw,4.59,209,0.73
itm-185fd241-c459-43c5-abfb-2f754fd422b3,Coleslaw (side),4.92,184,0.49
itm-c7ee6356-20d3-4ceb-bfc3-3abb6fdcbe7b,Coleslaw Platter,4.99,235,0.76
itm-ee819886-8926-474d-9dde-e33a7b144628,Frozen Blueberry Lavender Lemonade,4.83,246,0.51
itm-b10fbc07-2b8a-4cba-a76d-b5399dddc708,Kids Honest Juice,4.97,384,0.63
itm-3453164a-06e9-491a-88b7-1090bfcb6e59,HWHAP Southwest Salad,4.59,197,0.45
itm-38aa2955-3881-44d7-8adf-358873aa3817,HWHAP 10 pc Nuggets (a la carte),4.97,396,0.67
itm-82d2e118-8c88-49a2-bdf2-2f4a4c7cffa2,Shake N' Waffle,4.25,260,0.33
itm-6036372c-c3fe-4ad3-a996-941f27ff45a4,Original Party Package,4.67,357,0.76
itm-b11b298a-6437-48eb-a622-0a7b649ba540,Aquafina,4.62,129,0.78
itm-a1914b79-d57b-45ea-b219-e4089c188687,Mac & Cheese,4.26,195,0.33
itm-a6c8aaed-3b1c-4a82-bfc6-95991e3ebc72,Milkshake Strawberry,4.25,220,0.5
itm-ab5cad46-9a31-4cf7-832c-237a23aac9d9,Red Bull,4.95,391,0.42
itm-66b5fdaf-22c5-4e78-9a8d-b8dd6b0e5cf3,Frozen Strawberry Hibiscus Lemonade,4.68,417,0.34
itm-734c27d2-ecd6-427b-b48d-68284ad5e5b0,Large House Sauce (8oz),4.73,389,0.56
itm-c3e07af1-a315-4198-8dbe-d7361f5d4d85,HWHAP Fusion Fries,4.95,204,0.63
itm-76e6276d-73b3-4b84-b1ef-009fb8701877,Tenders & Waffle,4.45,235,0.5
itm-042276fd-d984-4935-8bcb-04031d53f9d0,Loaded Fries,4.74,253,0.53
itm-ef659dad-beda-461b-be83-feed9956fa91,Lemonade Refill,4.94,137,0.3
itm-aa60c30f-a262-44b0-9a6a-60e914a6b2ee,Waffle (a la carte),4.7,388,0.8
itm-4b258204-a50f-4613-913d-4d5fe4d3ea78,HWHAP 15 pc Nugget Meal,4.26,209,0.55
itm-a03ed59a-535f-4322-babe-094d9fc3feeb,Chilled Blueberry Lavender Lemonade,4.31,278,0.74
itm-62f923c1-04fa-4960-bffd-b650b27c8f96,Buns (a la carte),4.9,289,0.44
itm-780b3717-09eb-4c36-9439-38eadfbcc1e6,Tenders and Slaw,4.55,378,0.65
itm-2832f5ca-87e9-4b9a-aeae-e0e9f637eb5a,Large Ranch (8oz),4.69,434,0.56
itm-3e581958-f1bc-4c6d-8078-f2f70cd44ceb,HWHAP Sandwich & Tender Meal,4.73,383,0.45
itm-ee1a437b-3b30-4455-813d-319382b31ca9,HWHAP Cheesy Sandwich (a la carte),4.73,168,0.43
itm-bfd46d5a-e398-4286-9793-578952d09655,HWHAP 5 pc Nuggets (a la carte),4.91,480,0.58
itm-f3464a78-fee8-4160-b8cc-832434d81bf9,HWHAP Tender (a la carte),4.42,409,0.41
itm-b6cd3ea9-de8b-4dd5-a1bc-a755a36a93f1,Large Fry Platter,4.47,451,0.62
itm-91a5af40-5e61-404e-80a1-b5da58fe5641,HWHAP 2 Tender Meal,4.41,350,0.43
itm-96171525-03a4-46a9-a07f-ac7176af5b33,10 Tender Tray,4.93,126,0.35
itm-f946ca97-8b69-4a22-8c29-c60f83b6bc5f,Tender and Waffle Platter (20 tenders/10 waffles),4.54,241,0.32
itm-894c4092-308d-4f02-93b7-377d876c1aba,HWHAP 3 Tenders and Fries Meal,4.47,166,0.62
itm-fc63368b-035f-4520-b8a3-256f821e5bdf,Classic Sandwich Platter,4.41,479,0.52
itm-8d368f8c-f228-4ded-b1ba-f41e74209484,50 Nugget Platter,4.76,387,0.3
itm-bfe38618-84a7-4b14-92cd-46ba588472fd,Tenders & Waffle,4.26,453,0.75
itm-7edf7518-30e5-4988-850b-be6241d37cda,HWHAP Texas Caesar Salad,4.64,289,0.59
itm-a963f27c-8361-4820-854f-598beb1b6deb,Chilled Strawberry Hibiscus Lemonade,4.32,165,0.32
itm-005119c8-e67f-40d2-bc43-738c93baa117,Waffle Platter (10),4.49,120,0.75
itm-ca184d07-d85e-4ed9-b7a5-9760d864e3af,Original Party Package,4.37,227,0.63
itm-fba6c620-c81b-4e84-af59-2dd6753a5eb8,Breast (a la carte),4.48,386,0.74
itm-8a8cfa5c-a9ad-45ca-b3d0-37749a923d83,2 Tenders Meal,4.53,417,0.67
itm-3c272c64-a8ad-44e8-8786-1acf1a40d936,Shareable Mac & Cheese,4.94,221,0.73
itm-77edfae0-aceb-4dca-b167-afcc6e3384f1,Chilled Blueberry Lavender Lemonade,4.98,190,0.74
itm-0dfb04e7-fc77-46aa-be83-30e688c72331,Classic Chicken Sandwich,4.22,477,0.76
itm-2859065f-37a2-4706-af33-d0918d414076,Tenders and Waffle,4.83,310,0.7
itm-626b8d12-3999-404a-929a-76bae8159eba,Large Ranch (8oz),4.89,227,0.43
itm-316cf927-23dd-4956-97a4-4642c181da9a,5 pc Nuggets (a la carte),4.83,155,0.49
itm-3a50c837-9358-4008-ab97-e929fb4b13f2,Original Sandwich (a la carte),4.23,340,0.41
itm-3b4150fd-6f35-441b-bec9-90f8964f25bf,Pickles (side),4.85,335,0.47
itm-29b7c9ce-d829-494e-b072-7c31ad91ea61,15 pc Nugget Meal,4.86,216,0.41
itm-158abe5e-4d8c-449c-aa96-ff916eb2948b,Red Bull,4.73,304,0.46
itm-d74731aa-1219-4145-8a13-e142cfeb8ed3,Large Chips Platter,4.89,495,0.44
itm-500c2899-2c68-4cc4-aba5-04af2ca99577,Regular Fountain Drink,4.71,304,0.64
itm-58d97323-4a1c-4341-b921-a52704b9ca04,Small Fountain Drink,4.87,269,0.77
itm-288dfb17-1b6a-40e9-a705-cc25a022fe40,HWHAP Classic Sandwich (a la carte),4.29,233,0.39
itm-9ef7c2a8-09f5-40ff-b15a-4556cc743966,Pellegrino Sparkling,4.97,235,0.32
itm-ba6bb79a-c1c2-421a-b4ae-ecd3a57b23e5,Milkshake Chocolate,4.68,276,0.66
itm-9540d264-6efb-453d-9d37-902c33c98926,Cheesy Hot Chicken Sandwich,4.45,410,0.79
itm-dd38f049-b7ce-40f4-bad4-23203b4a6ed9,Sandwich & Tender,4.29,395,0.4
itm-8ecc0795-320d-4807-8beb-3a5dadcd111b,HWHAP 10 pc Nugget Meal,4.24,323,0.3
itm-d533f7db-9e99-4e0c-984f-eafe332a9c66,Red Velvet Wheely,4.94,375,0.64
itm-515a5b2d-abd8-4458-97ba-865173382239,The Mondi,4.95,477,0.64
itm-ea8146f9-5417-49be-a882-641dce220867,Shake N' Fries,4.49,135,0.77
itm-3bfe8c04-1596-4dac-a359-c9cafdc4e5b6,Small Fry Platter,4.94,419,0.46
itm-9d1d46b2-e6d0-4f36-81b4-f56a3e119d22,Large House Sauce (8oz),4.88,468,0.75
itm-a6a7e58f-5edf-4c25-901c-a64d72a430ce,Waffle (a la carte),4.61,441,0.5
itm-6489fc51-2ee8-4132-9a9e-4fdd026713e3,Original Hot Chicken Sandwich,4.52,251,0.58
itm-d75d067f-32f2-46b9-b55c-97471555a60a,Coleslaw (side),4.35,440,0.77
itm-1a08838c-d77f-4980-bbb9-9864027179d8,HWHAP Original Hot Chicken Sandwich Meal,4.74,189,0.61
itm-20af79d8-a24b-4403-981f-9a8ea9aaa92d,HWHAP 5 pc Nuggets (a la carte),4.44,380,0.72
itm-362c2097-bbd5-472c-b5c7-87f603317f45,HWHAP Loaded Fries,4.44,207,0.51
itm-2a2105a3-89fe-4a66-b9bc-b36dbe09a1ef,BBQ Sauce (2 oz),4.66,435,0.46
itm-337e3afc-97d8-4db2-aa74-6d73335c10aa,Cookie Monster Wheely,4.55,445,0.41
itm-33bc5c87-7d37-41b5-99e8-051f70a85946,15 pc Nuggets (a la carte),4.58,476,0.38
itm-9c817739-7e35-4916-943f-dae548c2bebd,HWHAP Southwest Salad,4.27,363,0.63
itm-3fb6d4d4-e101-4cf0-a0f1-49bbdf03f7c0,House Sauce (2 oz),4.7,147,0.71
itm-166fac39-e862-4166-83c1-0cedc6f3d670,Southwest Salad,4.8,444,0.46
itm-92ce0ee4-dde2-41c7-9741-e7dd4823cfd7,Kids Honest Juice,4.85,175,0.31
itm-faa3ebe8-4dd7-4407-82f2-dc165fff2ed5,Shareable Southwest Salad,4.4,343,0.61
itm-b6fb5398-67af-4867-9bb5-98280684ee02,Honey (1 oz),4.81,333,0.51
itm-1104baad-ec80-4928-9169-0ef49a517b16,Chips Platter,4.7,199,0.66
itm-cc062fb9-b7dd-449e-9e24-a472e1c226f7,Chocolate Chip Wheely,4.51,304,0.42
itm-8afdb0c0-9d02-4c11-bbaf-9b30770204f1,20 Tender Platter,4.72,102,0.75
itm-59e8cc93-77e7-4d0e-9f52-8f7ba072f7ae,HWHAP 15 pc Nuggets (a la carte),4.89,154,0.69
itm-233b7d8e-1f08-4fa8-be26-a954ba1656a4,Loaded Fries,4.38,456,0.56
itm-f5a00325-ac1d-4a5d-ae77-a4de23699da1,Milkshake Strawberry,4.24,227,0.76
itm-f753061b-ff5b-481e-ab42-77b345245d1b,Fusion Fries,4.3,168,0.7
itm-abb0bfb9-9bbf-491b-8ed5-ecb38fa2c81f,HWHAP Classic Chicken Sandwich Meal,4.73,386,0.6
itm-d32a8b98-87cc-4481-911f-9def6c303dd1,HWHAP Cheesy Hot Chicken Sandwich Meal,4.96,326,0.61
itm-75e23ef2-7c94-4e6f-88d9-3f79e0c3229c,Large Cheese Sauce (8oz),4.78,358,0.51
itm-07be381d-957f-4fcc-a17b-b4a0d8d7c1be,Cheesy Sandwich (a la carte),4.93,328,0.75
itm-9d7f0a49-0337-4f17-9d4a-d01b29b813e1,Texas Caesar Salad,4.79,343,0.53
itm-2773cff5-4554-4abe-bfe1-54e853a0bc5f,Frozen Blueberry Lavender Lemonade,4.8,426,0.44
itm-dc53ebf7-f1e8-4f70-9e92-7783f64b464b,Shareable Caesar Salad,4.82,348,0.61
itm-88d3186f-b0e1-4667-a7ff-ad61be68017b,Frozen Regular Lemonade,4.42,139,0.66
itm-02fa5e43-2848-4268-bc69-cd8436f88cc8,Cookie Crumble,4.39,271,0.46
itm-e705cbf8-15f9-45f3-b57c-ac3c46a49733,HWHAP Tender (a la carte),4.63,170,0.38
itm-1ff96907-cfa8-468c-ad9d-31800f610e0f,3 Tenders & Fries,4.51,178,0.65
itm-6eeebf0f-ce6a-4b66-a05b-862d4a19cefb,Chilled Cucumber Watermelon Lemonade,4.25,308,0.47
itm-90d9843b-b3db-4dfc-b9ae-e1dea2ece348,Waffle Sandwich,4.57,131,0.4
itm-5e2eaa45-dc67-4a93-9488-7c561ccb3458,10 pc Nuggets (a la carte),4.54,494,0.59
itm-c2104a41-3d6e-44be-9a63-55d04dd9559e,Frozen Cucumber Watermelon Lemonade,4.76,491,0.59
itm-ac4fcfbf-692f-4738-b5f7-eec1bc34e685,Classic Sandwich (a la carte),4.58,280,0.45
itm-1e4b7417-c1e0-48bb-83da-b44eb236a2fc,Buns (a la carte),4.51,314,0.57
itm-7a2c3f49-2023-4b6b-8348-6427f46cf603,Shake N' Waffle,4.79,408,0.75
itm-04c7e5a4-a704-4a81-b9d0-6cc412b3153e,Fries (side),4.59,239,0.52
itm-0136ab93-ffb5-4c35-84d5-9a4fe47b7125,Frozen Strawberry Hibiscus Lemonade,4.22,272,0.63
itm-3608e05b-6226-4f42-901b-91b76dac9712,Lemonade Refill,4.84,470,0.38
itm-6da9f0d6-a31a-4cc9-9e99-0651c73df656,Large Fry Platter,4.57,165,0.79
itm-36810fb9-f0bb-461d-b448-7ceab370874d,HWHAP Chicken Tortilla Soup,4.63,301,0.6
itm-5d81a5db-94f5-441c-8dbe-84657ccf8126,HWHAP Cheesy Sandwich (a la carte),4.73,142,0.62
itm-39c0aa36-44b2-4205-90a9-fb7b14399ec7,Buffalo Sauce (2oz),4.31,336,0.39
itm-8de5d275-6b3d-4f69-bf70-fafb8f903c47,Cheese Fries,4.41,267,0.41
itm-dc46bbea-5acc-4ee2-80b7-cd181254a143,HWHAP Tenders and Slaw,4.46,489,0.74
itm-b153146b-21ff-41fa-8f40-754d05d910c3,Cilantro Ranch (2 oz),4.42,315,0.43
itm-55593958-f2ef-4008-b6cd-db2da1619683,HWHAP Sandwich & Tender Meal,4.27,109,0.67
itm-05c5b8c6-1c0f-4068-97b0-84e45f1fd208,HWHAP Original Sandwich (a la carte),4.24,279,0.41
itm-b1d5ce8b-b0d6-4853-b9f1-33dce4ce9b54,10 pc Nugget Meal,4.25,433,0.32
itm-ba76c3d1-9239-44a5-a532-bb27a8562b4e,Kids Meal,4.22,226,0.4
itm-48646f87-4bae-4972-9932-a53ba715331e,Cheese Sauce (2 oz),4.22,178,0.42
itm-7d76597e-9a29-446c-803d-138f5b44b7b8,Milkshake Vanilla,4.58,158,0.58
itm-665d8793-6532-412e-a05d-54d1e6df0134,Tender (a la carte),4.37,458,0.43
itm-31208176-c83d-4cac-b7b7-2128d16ec37d,Original Sandwich Platter (10),4.5,410,0.6
itm-d26dfa3e-2cf4-46f3-be61-7e84d082814c,Double Double,4.8,158,0.69
itm-6aee0a12-1f7b-4fa1-9c7c-65230bad5cfc,HWHAP Fusion Fries,4.33,259,0.35
itm-9efb6631-5af0-44a8-ab01-47b722132e7a,HWHAP 10 pc Nuggets (a la carte),4.22,259,0.59
itm-712c745a-d404-4b53-b40a-f7d93667b2e8,HWHAP 15 pc Nugget Meal,4.93,292,0.5
itm-1c3570ca-d6b1-4fa7-9f8f-e85546e5e5f5,Caesar Dressing (2 oz),4.77,138,0.6
itm-1134431f-37ad-4b1f-ba93-14f70c4ef052,Ranch (2 oz),4.86,224,0.35
itm-28ecc119-9799-4d19-9818-5fa4f0a5fa4f,Maple Syrup (2 oz),4.82,450,0.6
itm-3ac8c5a4-06c3-4db4-8a74-8ae388049ccd,Coleslaw Platter,4.3,389,0.69
itm-d48941d7-bafb-447b-af29-417bc4973f1f,Mac & Cheese,4.48,319,0.63
itm-e4746fb2-a6e3-4b16-a56d-846d5b14063a,Chicken Tortilla Soup,4.26,431,0.47
itm-d265902a-b1df-4ef9-be71-40fcd1e7970c,HWHAP SPICE CHALLENGE,4.88,350,0.35
itm-a7613d32-3add-4d9e-8e12-b3d7c4b9bcdc,Aquafina,4.97,425,0.75
itm-336db1fb-212e-4316-9494-7872d5c8686e,10 Tender Tray,4.57,178,0.52
itm-5b631654-f619-413f-a0ca-1b03eae53e27,15 pc Nugget Meal,4.79,433,0.44
itm-3fe24a44-7a33-4420-ab46-23e3baa75b9e,HWHAP Classic Chicken Sandwich Meal,4.85,375,0.69
itm-bb04f7ae-282d-43eb-b1f4-a99dba30d99b,Milkshake Strawberry,4.57,474,0.6
itm-36410551-f407-403e-9a41-75a066220a87,Tenders and Waffle,4.46,225,0.72
itm-9db38747-525f-4685-9535-6d4a30d936e4,HWHAP Cheesy Sandwich (a la carte),4.27,330,0.42
itm-8732f8a1-4a0c-403f-b378-2040b24a0fc2,Original Party Package,4.57,412,0.63
itm-63277996-2f57-4f99-8b1e-b4ff15d52f19,Fusion Fries,4.47,353,0.73
itm-b8ad7675-ac72-4df3-8b34-015b1283a1cf,Lemonade Refill,4.35,208,0.48
itm-ed4e4954-5059-4fee-9f24-6e06027d21c2,Waffle Sandwich,4.41,243,0.74
itm-a7f500fa-f2e2-41e4-8578-e811d54d925f,HWHAP 15 pc Nuggets (a la carte),4.76,241,0.58
itm-57287286-adcc-4e8c-b1d1-9e709afd6927,Cookie Monster Wheely,4.61,197,0.34
itm-fde58ad7-7589-45e2-b89a-ecde0d38ccc7,Large Fry Platter,4.78,350,0.58
itm-8103ce7f-61ec-4cdc-9be0-827cad07a00a,Large Chips Platter,4.39,343,0.62
itm-eff102e0-50b5-4357-a07a-37012d477bbe,Large House Sauce (8oz),4.59,108,0.35
itm-aeef731b-ae33-48d9-bbc4-b2f26fad4586,Original Sandwich (a la carte),4.38,454,0.42
itm-c80d6a90-ed1c-4278-b33e-120b2d5b6af8,HWHAP Chicken Tortilla Soup,4.73,288,0.54
itm-a37e16f5-26e7-4241-9c53-3c5c6370e31c,Milkshake Vanilla,4.62,317,0.8
itm-c7facfe8-b167-4589-a744-b79cb20e8271,House Sauce (2 oz),4.64,280,0.65
itm-820a1f62-dabd-46d9-9b38-fb2b42184595,Shareable Caesar Salad,4.42,228,0.42
itm-913d9339-bd65-42f8-94e1-c7604bb2f89c,10 pc Nugget Meal,4.78,261,0.36
itm-37120955-a2d3-462c-bfd2-1ef4ffca62f3,Double Double,4.63,490,0.65
itm-dfc2ecfe-1eb2-40c6-8494-93726e5fa52d,HWHAP SPICE CHALLENGE,4.35,478,0.54
itm-91fa1390-261f-45a9-8f7a-7e482f0a11ec,Large Ranch (8oz),4.78,489,0.56
itm-45dd8eb8-0903-40ab-8abd-a140eb20ee10,Tender and Waffle Platter (20 tenders/10 waffles),4.43,151,0.72
itm-86eae1f5-8e83-4cda-ac07-fc2e2deac3e8,Fries (side),4.44,284,0.39
itm-70fea55f-3bb3-4700-aa31-39b2dce20c47,HWHAP 15 pc Nugget Meal,4.21,373,0.36
itm-a0029782-9c4a-4a61-828f-45dc4e5d9b10,Classic Sandwich (a la carte),4.24,127,0.58
itm-8d1767e9-1438-4a24-8964-f10ca32d8ccb,Tenders & Waffle,4.76,164,0.62
itm-5ee64b75-f9ba-4c4d-869d-87a022ac7fbc,Waffle (a la carte),4.8,152,0.74
itm-62d257b4-6a16-48d6-836a-2e5446a15f19,Frozen Blueberry Lavender Lemonade,4.66,340,0.54
itm-c49d3e77-4deb-41d7-a36d-8079500e121a,HWHAP Original Sandwich (a la carte),4.47,126,0.43
itm-bf13053b-ac05-49e1-87ba-a2dafb81267e,HWHAP Texas Caesar Salad,4.89,158,0.71
itm-605cbb69-6ac9-4a50-8e01-db07b67566e2,Kids Meal,4.52,137,0.59
itm-31ce9add-3a8b-4e64-bd1f-b1264eac8446,Ranch (2 oz),4.75,177,0.37
itm-9d454893-aee1-4c49-972c-e38bc2a4297f,Original Hot Chicken Sandwich,4.65,255,0.34
itm-b07c4c79-1ac0-4034-8eaf-61e22525bd11,Texas Caesar Salad,4.4,385,0.68
itm-e054222d-6a7e-4f10-bf37-1fef8a9da9a1,Aquafina,4.69,416,0.41
itm-fc25f210-0cb8-4d63-93cf-ca244f7863cf,Southwest Salad,4.62,330,0.75
itm-db5cf85f-c091-4cb5-9c28-94ced330aa97,Chocolate Chip Wheely,4.44,401,0.8
itm-4f403175-8b76-4c62-b468-d3540acb758d,HWHAP Original Hot Chicken Sandwich Meal,4.44,417,0.33
itm-95c4a459-2844-4ae4-bf3d-9847b1ae6d35,Frozen Cucumber Watermelon Lemonade,4.97,150,0.77
itm-beddb250-2ca2-4db3-a0b3-879dcdcf07f9,Chilled Cucumber Watermelon Lemonade,4.37,208,0.43
itm-c9899cf0-95f5-4817-baa1-88b5747571fe,Cheesy Hot Chicken Sandwich,4.26,222,0.39
itm-7995a88d-b667-45a8-aea1-9683589dce9d,Cilantro Ranch (2 oz),4.26,101,0.5
itm-18defe22-13c9-4851-b253-4d8587993244,Breast (a la carte),4.75,340,0.45
itm-c51f3747-5306-46f8-8d39-b14fc4532476,Maple Syrup (2 oz),4.39,461,0.44
itm-8a5f3a3e-7198-4822-953b-90dc799f9230,Classic Sandwich Platter,4.89,136,0.64
itm-3d65bcd4-0dc2-419a-83f8-907ac94d6378,HWHAP 10 pc Nugget Meal,4.94,420,0.59
itm-4346bde8-a4e9-4783-b1b0-a1c4c2a776b1,HWHAP Tenders and Slaw,4.84,201,0.51
itm-cf7bc04f-59f5-4cca-917c-50c204033a12,Shake N' Fries,4.64,431,0.37
itm-befeb139-140b-489f-b50f-d7db5c72d261,Buffalo Sauce (2oz),4.41,172,0.34
itm-5b73412a-9ad8-40d4-872b-7ce264bf2fee,Honey (1 oz),4.33,257,0.6
itm-6affa5c3-3a09-4c31-9e4b-e789e7b8e88b,Mac & Cheese,4.86,247,0.52
itm-7c1645b5-94d6-43a9-a10a-a0a8323ef2c1,Chilled Blueberry Lavender Lemonade,4.57,255,0.65
itm-c68a4522-08f6-4172-9889-a928750e268f,3 Tenders & Fries,4.95,356,0.57
itm-343077c5-76b9-4376-ad8b-67418c0d5960,Tender (a la carte),4.55,406,0.32
itm-18066b37-9625-4254-8d5e-24d06c1aa06a,Cheesy Sandwich (a la carte),4.55,265,0.6
itm-4d678245-7eaf-49d2-ad19-040782370b91,Red Bull,4.22,217,0.78
itm-accb9229-6be4-4184-910d-4be9cdc1364a,HWHAP Southwest Salad,4.87,394,0.59
itm-aaf9e26f-e6d1-41ed-8d1a-fa0ae4af285a,HWHAP Tender (a la carte),4.22,491,0.64
itm-8781cf74-b1bc-42dc-826b-7927a837f3b1,Cheese Sauce (2 oz),4.42,120,0.68
itm-51712eca-1d41-423a-968f-c5b52a3fa393,Shareable Southwest Salad,4.34,365,0.63
itm-88587591-80c2-402f-9c26-89b640a61720,Buns (a la carte),4.93,192,0.8
itm-eaa9680c-aa22-463f-a1de-498e855d9237,Chilled Strawberry Hibiscus Lemonade,4.55,351,0.78
itm-a480e269-e3f1-482d-be9f-3d7715f50482,15 pc Nuggets (a la carte),4.58,309,0.47
itm-9b612623-abfd-450f-b324-c652e0632584,HWHAP Loaded Fries,4.74,182,0.46
itm-cb5aed78-3dd2-4f9e-95a5-21b54a54dee8,Frozen Strawberry Hibiscus Lemonade,4.75,247,0.63
itm-d6b22bf7-ff42-4539-8bf3-5ec57018528e,Chips Platter,4.52,489,0.58
itm-6c06d51d-cb20-4c6b-bed4-ab226ed6a87c,Pellegrino Sparkling,4.56,261,0.43
itm-cfa88db4-dcca-4888-b29d-b351c8c99d59,Loaded Fries,4.29,495,0.5
itm-18089f38-c3a0-43fb-85a5-06dfd9f63051,HWHAP Sandwich & Tender Meal,4.61,100,0.63
itm-63b53e22-be7d-438a-b50d-215fa08ab17b,5 pc Nuggets (a la carte),4.63,311,0.33
itm-30b53460-95ec-435f-9126-2d1af70ee633,Milkshake Chocolate,4.61,418,0.68
itm-ba696f5b-1ff0-4cfe-ad19-db15be692a81,HWHAP Classic Sandwich (a la carte),4.7,489,0.33
itm-1f0dbcfd-1c00-430f-a544-b2acba99acb9,20 Tender Platter,4.41,167,0.76
itm-ffcfee1c-a036-409d-b44f-5949e190b9fb,HWHAP 2 Tender Meal,4.55,457,0.54
itm-e176dd52-dd05-4c36-86a6-de9c84e4f6fd,Shareable Mac & Cheese,4.22,422,0.6
itm-de3042cf-28fd-43e4-9fc6-32ed8e400a96,Cookie Crumble,4.39,181,0.46
itm-bd56a080-89cb-48f6-a06f-aeedc05143a6,HWHAP 3 Tenders and Fries Meal,4.21,308,0.35
itm-d63ce9d8-6f7c-433b-a331-a5b3099c8cd5,Original Sandwich Platter (10),4.99,158,0.53
itm-07335da5-836d-40fa-9f04-c5d807e1d9f7,10 pc Nuggets (a la carte),4.29,178,0.55
itm-96bae1d0-3563-4cbd-a1c1-14049a9b3907,Sandwich & Tender,4.77,360,0.65
itm-12f98943-0e1f-4e84-85c8-1d5419c772f3,HWHAP 5 pc Nuggets (a la carte),4.53,347,0.79
itm-b323f381-61ab-4e4f-a9f8-42c48cb62e09,Kids Honest Juice,4.39,382,0.37
itm-f6c2f331-8bc2-40cc-8206-5c7c1227f0a4,Caesar Dressing (2 oz),4.35,406,0.55
itm-582b5c29-3265-4ea2-99a8-f92bb125b935,Regular Fountain Drink,4.9,135,0.44
itm-fd32f204-c6fe-4bbe-b099-62037fcdc8ec,Large Cheese Sauce (8oz),4.83,312,0.47
itm-ebde5bc8-17e3-4f4a-9a80-b2b4c17d855f,50 Nugget Platter,4.83,236,0.71
itm-964e40d1-e017-4561-be2b-c60ce6b078e7,Red Velvet Wheely,4.43,252,0.72
itm-3b1a7dc0-ce48-4441-9d11-c9bcde4bed47,Coleslaw (side),4.66,437,0.54
itm-09b96d6d-03d8-48f2-b866-5e8e9f8d6d01,The Mondi,4.32,375,0.54
itm-f6770955-c2e4-48e1-adbe-927949a8bed0,HWHAP Fusion Fries,4.47,490,0.57
itm-ae8319a7-ad2e-4aff-a306-e22eaa90ce1c,Chicken Tortilla Soup,4.56,264,0.73
itm-c172b687-b814-472a-bd48-6d86f411df2b,Waffle Platter (10),4.98,222,0.59
itm-1a17e549-64ed-451c-8e04-b5315488532e,Shake N' Waffle,4.39,497,0.51
itm-eabc91c7-e678-4fb1-a847-d89878041c3b,HWHAP Cheesy Hot Chicken Sandwich Meal,4.45,342,0.65
itm-ec597db5-8530-410e-b1c5-08579cce95d4,Pickles (side),4.85,297,0.79
itm-06da5f28-6c55-4ae4-865a-b4241139acb8,Classic Chicken Sandwich,4.83,433,0.79
itm-5d031969-751d-4d28-becc-5dfdfbc50f73,Cheese Fries,4.6,118,0.36
itm-b5b0a1fb-aef1-4567-8449-f475bbb542ae,Coleslaw Platter,4.97,269,0.73
itm-a7eee179-0b4e-4e5e-84dc-bb830d123d3b,Small Fry Platter,4.9,325,0.35
itm-a1adbf66-e2c8-499d-81eb-7f1e7c2a4904,2 Tenders Meal,4.93,107,0.66
itm-684f43e0-949e-4ef6-b2ea-f396992798e6,Frozen Regular Lemonade,4.53,435,0.78
itm-54f8a018-8775-4b02-8fbc-470d50c69ae9,HWHAP 10 pc Nuggets (a la carte),4.26,500,0.78
itm-1d8f2a5d-2fd2-4dec-acf8-508bd4f78f9f,BBQ Sauce (2 oz),4.47,454,0.5
itm-857914cd-a50e-4899-b5bc-1bd2bc33f1a3,Small Fountain Drink,4.26,268,0.73
itm-c1db7b07-6fc2-4936-8e94-c21137ac26d9,Classic Chicken Sandwich,4.89,294,0.78
itm-eb5f8020-49b2-4695-88dd-fc485ba29281,20 Tender Platter,4.7,488,0.54
itm-8a5b2594-ec5b-4644-8484-8eae316e2747,3 Tenders & Fries,4.63,416,0.33
itm-67dd0dab-9210-4290-8bde-3f3396c92488,Frozen Regular Lemonade,4.7,247,0.8
itm-5c486e71-8444-49b7-8fd7-522c67df82b3,Cheesy Hot Chicken Sandwich,4.8,322,0.79
itm-1b870835-1679-493e-a4b1-72b90bb9e110,Cheese Sauce (2 oz),4.81,460,0.74
itm-09f1b8d9-c884-43c6-be37-722eb1acbbf9,Tender (a la carte),4.55,455,0.45
itm-8ac0dd00-153c-464d-a179-bfea2a599751,Pellegrino Sparkling,4.22,266,0.7
itm-b62847b0-0357-4a5a-915c-2750df11ab30,10 pc Nuggets (a la carte),4.43,291,0.52
itm-fd3c2235-096f-4515-9eb6-e168c6e9ac29,Maple Syrup (2 oz),4.4,310,0.58
itm-8eb0c359-0b96-4af2-a35b-38f15363f991,Cookie Monster Wheely,4.83,187,0.39
itm-2f1403fb-72f4-4cbd-838d-5dc03d6d888c,Fries (side),4.69,295,0.61
itm-fa8d30b4-da90-4868-9bb5-71c73cd14232,Buns (a la carte),4.39,398,0.37
itm-64b4a6b7-00bc-4e7e-ab22-b2539f71d569,Chilled Cucumber Watermelon Lemonade,4.57,230,0.53
itm-7dee8444-c965-4dfe-936d-dcafd6baf110,HWHAP 15 pc Nuggets (a la carte),4.73,338,0.75
itm-d5d92eef-34dd-406e-aa66-d09c9d733264,Milkshake Vanilla,4.74,180,0.34
itm-e0dc2cfa-cde0-4724-9fea-139a17a0d6a9,50 Nugget Platter,4.96,400,0.45
itm-0d3484c4-8bf0-4a60-8e86-12b39608c28c,Cilantro Ranch (2 oz),4.97,453,0.43
itm-5e0ff2cc-a0b4-48d9-9c5d-27acf5002cbb,Small Fountain Drink,4.88,201,0.8
itm-aa3eca6a-059b-4265-b1c6-dd1f4f0acddb,Chicken Tortilla Soup,4.88,154,0.42
itm-05228320-125e-4cf2-bd41-2a42cd629e3b,HWHAP Classic Chicken Sandwich Meal,4.66,394,0.45
itm-b5dd3172-0cfd-4200-a96d-c67f2f7e53f2,Aquafina,4.76,111,0.79
itm-e03c586b-ba68-4bd8-b968-b440da47d8b9,HWHAP Cheesy Sandwich (a la carte),4.73,240,0.3
itm-c86107cf-6643-4a8a-9d27-076ba4cc7805,HWHAP Texas Caesar Salad,4.89,498,0.67
itm-b7d4da16-f9ea-4038-985e-718a5c08b0d1,Cheese Fries,4.24,410,0.67
itm-474ac3a6-a6e7-4636-8dd2-a962951ef650,Shareable Southwest Salad,4.87,246,0.69
itm-00412ae2-7e8a-4bbd-b797-7e8665544d06,Chilled Blueberry Lavender Lemonade,4.38,280,0.41
itm-f17cc306-5399-4285-a597-0f036eb3edd2,Chocolate Chip Wheely,4.35,228,0.64
itm-f24efb9f-b5b1-4c29-b5fa-a407797f97f0,The Mondi,4.78,437,0.64
itm-46ab1836-4d9d-422f-837c-2676a2616f23,Red Bull,4.31,149,0.75
itm-bbac9095-53cb-4b4e-8e01-356fab72b611,Honey (1 oz),4.72,258,0.69
itm-27714f9e-2c39-41ca-9662-4a447501668d,Large House Sauce (8oz),4.23,286,0.67
itm-9a2c1ce5-472a-4860-83b3-edb9eb15aae4,Double Double,4.27,251,0.46
itm-b95bcae7-e2e8-4c7c-95b3-0e8b0b65ffc6,HWHAP 10 pc Nugget Meal,4.53,202,0.37
itm-b96eb1d1-abec-40dc-96ca-0476b53f8ab3,15 pc Nuggets (a la carte),4.63,287,0.57
itm-4267a0b0-1073-4239-bb7f-ed49a8ec52bc,HWHAP 3 Tenders and Fries Meal,4.93,184,0.43
itm-d895961a-167e-4aad-bcb9-f94994a8b0ae,Shareable Caesar Salad,4.86,346,0.78
itm-d0c39d46-2fb2-4f92-b02a-98fb00e767d0,Classic Sandwich Platter,4.44,273,0.7
itm-7dc7ab62-9993-493b-8adf-af6b022bcb28,Shake N' Waffle,4.57,138,0.37
itm-cdde0d1a-41ae-4a02-826f-494ae56c8583,Fusion Fries,4.97,446,0.66
itm-55a64528-e91c-43c0-9578-819b1f3993fb,Classic Sandwich (a la carte),4.98,385,0.48
itm-cb9013fc-a6fd-46d6-9054-135c2ff9cfe6,HWHAP SPICE CHALLENGE,4.83,107,0.43
itm-5fdd840b-0f29-4f9f-9703-b5ec865c7876,Tenders & Waffle,4.3,288,0.64
itm-099aa698-bbcf-429e-b218-de85b2c8b07f,Waffle Platter (10),4.74,399,0.49
itm-e6a589af-150a-472c-8389-9acd1b67033d,HWHAP 2 Tender Meal,4.71,290,0.35
itm-8a07edf3-bc97-4be6-b0d3-c7d07fe119bf,Original Hot Chicken Sandwich,4.39,112,0.61
itm-c77875a4-a53d-453d-9415-3486bb64d6c4,HWHAP Original Hot Chicken Sandwich Meal,4.95,267,0.76
itm-09d98c3d-a721-40e5-aa8d-c9f0e6e82233,Southwest Salad,4.38,132,0.62
itm-d16e7ec5-77a2-46b8-9869-24771433cf0e,HWHAP 10 pc Nuggets (a la carte),4.57,458,0.45
itm-c9714a49-77d1-4012-8ae8-50b58ec4a8aa,Large Chips Platter,4.53,171,0.32
itm-7ffaa033-3d76-4ed8-8e34-15b262f2bebb,HWHAP Classic Sandwich (a la carte),4.23,352,0.36
itm-b2b9df39-d1bd-4df0-8001-d63cfd8fa69a,Texas Caesar Salad,4.39,375,0.37
itm-2d89fc90-7566-436c-80f1-147a68cafaff,Buffalo Sauce (2oz),4.56,443,0.77
itm-fba95a18-dc12-4423-a90d-9459ad0ac01b,HWHAP Loaded Fries,4.76,376,0.51
itm-55279e4f-ee48-4401-a668-125e821d526c,Large Ranch (8oz),4.79,179,0.74
itm-7d0f6aa9-a1d5-4ddb-ba1c-fd22ba4c01cd,Breast (a la carte),4.72,350,0.61
itm-529fcf3f-ed47-4a66-8851-a546037ebef7,HWHAP Sandwich & Tender Meal,4.95,243,0.32
itm-265a0c1e-1c67-45b1-ade4-1df8ea9adae9,Frozen Cucumber Watermelon Lemonade,4.5,327,0.52
itm-2380aab7-2ca4-4100-81c9-d1d2bc2c4426,HWHAP Southwest Salad,4.39,285,0.35
itm-4774ea46-46f7-480a-b759-c20653ccf52c,2 Tenders Meal,4.75,378,0.75
itm-7755c8a4-f154-4028-bc6d-c96ada39f497,BBQ Sauce (2 oz),4.72,131,0.5
itm-4f698cbf-da77-4dba-bf83-5b80435262aa,HWHAP 15 pc Nugget Meal,4.35,162,0.77
itm-7e809968-d640-47d8-a67e-7c2ad40b17d0,Shake N' Fries,4.86,146,0.63
itm-1fc29aba-f253-4cba-8cf5-71bdca159edc,Large Fry Platter,4.71,405,0.79
itm-742027cd-30e2-4266-845d-76b4f612f1f1,Frozen Blueberry Lavender Lemonade,4.24,270,0.42
itm-65d1f339-17f1-4e71-b4e3-466f2d45cc3f,HWHAP Cheesy Hot Chicken Sandwich Meal,4.3,389,0.4
itm-9b60e665-77b2-42b3-bd5a-60d8f231767d,Waffle Sandwich,4.86,383,0.4
itm-e0f880e0-27ca-4262-af71-d1398cfe008a,Waffle (a la carte),4.37,219,0.46
itm-707990fb-2ccd-409b-8721-be248e04aee5,Cookie Crumble,4.32,405,0.3
itm-6acfbec4-fe3f-496c-a07a-f98b684a3e29,10 pc Nugget Meal,4.89,174,0.79
itm-7e8905bb-0ce9-4143-b35e-308249b92d3d,Ranch (2 oz),4.63,189,0.35
itm-5fbdf17e-859f-4880-aadc-17a9e3ae72d9,Mac & Cheese,4.89,167,0.31
itm-090a6f3a-4526-470d-b5b5-af6210227740,Red Velvet Wheely,4.83,221,0.59
itm-2cda12b9-6873-4e59-a8c3-70193893aa55,Original Sandwich Platter (10),4.21,235,0.33
itm-f689500a-838f-40a8-8d2d-4f957ba773ef,Milkshake Chocolate,4.79,369,0.36
itm-b9baf312-9727-44f3-9e6d-1ee3f9f89984,Tenders and Waffle,4.25,329,0.69
itm-635f510f-2e40-4970-95eb-73aadc81f134,Milkshake Strawberry,4.61,155,0.53
itm-dc02be93-b85c-4857-9b9f-07aabaafd916,Original Sandwich (a la carte),4.38,414,0.32
itm-feb97e3f-412e-4396-b6c9-fb5673f2e8ef,Shareable Mac & Cheese,4.83,437,0.56
itm-38896681-f011-4190-bc21-293ca5be26ed,Original Party Package,4.57,115,0.33
itm-1422eb84-5571-46f8-835b-7e0956f90abd,Small Fry Platter,4.58,305,0.51
itm-975151fb-32d4-418b-9e57-be82fe2a5ced,15 pc Nugget Meal,4.29,464,0.75
itm-b8d2849c-4494-40ea-99d9-cca998ccd460,Kids Honest Juice,4.26,141,0.46
itm-abac2174-666d-4765-bc0e-578be9c3e9ec,Chilled Strawberry Hibiscus Lemonade,4.32,164,0.44
itm-f5834eab-86df-401a-8202-9658d275a886,Cheesy Sandwich (a la carte),4.71,380,0.66
itm-d0a43c8a-6ee2-4760-9bdf-944d9d40a7f5,Caesar Dressing (2 oz),4.5,405,0.57
itm-86e0b0e8-7216-40b0-813f-80689daa30dd,Loaded Fries,4.56,409,0.52
itm-9e8e960c-f3c8-43ac-bb9a-0af046ce9d1c,HWHAP Tender (a la carte),4.83,158,0.73
itm-962886b4-cafd-47d2-9560-7c7ccbb72025,Sandwich & Tender,4.72,493,0.58
itm-c31f829a-b2cf-43fb-94c7-e4f313dcaf2f,10 Tender Tray,4.89,320,0.53
itm-7399d120-57f8-4b6f-af49-1e1860c89721,Coleslaw (side),4.38,273,0.71
itm-efd09b59-329c-42dd-b7a2-7065f9bf4a03,HWHAP Chicken Tortilla Soup,4.52,473,0.35
itm-cf766216-9a78-43ff-b038-f8f6083a1f34,Regular Fountain Drink,4.54,440,0.43
itm-851a7adf-c5af-4826-ae4a-71a8ee3aad93,Chips Platter,4.96,451,0.76
itm-62206fac-14b6-4163-a83e-136aa4e02c6a,HWHAP Fusion Fries,4.25,143,0.35
itm-2f61d789-7377-4b45-9465-6d83d31f17e9,Lemonade Refill,4.28,478,0.49
itm-6bd75731-ee69-4ecb-a34d-06e3fd942a64,Kids Meal,4.3,130,0.59
itm-f93d25d0-0833-4cc0-a0e0-54602a5544fc,Tender and Waffle Platter (20 tenders/10 waffles),4.65,268,0.64
itm-cf45b34c-27f8-45ae-95cb-1d118f529844,House Sauce (2 oz),4.53,440,0.77
itm-b7f99392-4c63-40de-ba96-1b880b6949ae,Large Cheese Sauce (8oz),4.54,469,0.33
itm-da8c4e1b-54c3-4d64-abbe-57fa95e440c0,Coleslaw Platter,4.43,259,0.48
itm-cf243093-ce28-4592-993c-4d6858a445b3,HWHAP Tenders and Slaw,4.66,208,0.38
itm-d0e4e5b0-9335-4cfa-9294-ddaf4abd4fbc,Frozen Strawberry Hibiscus Lemonade,4.59,155,0.48
itm-023e955a-7126-4df8-8a4d-113f524c109a,Pickles (side),4.65,158,0.68
itm-51ae4688-d915-44af-b3eb-ad435bc0661e,HWHAP Original Sandwich (a la carte),4.66,319,0.72
itm-33f6eaf8-6706-4600-b13c-618cec4da85c,HWHAP 5 pc Nuggets (a la carte),4.98,418,0.61
itm-fb78741a-fbbb-485c-9df7-0835216027ad,5 pc Nuggets (a la carte),4.71,113,0.6
itm-be952b87-82ce-42ce-9c21-3b401d0d965a,Fate Fateful IPA (16 oz Draft),4.73,455,0.43
itm-51705165-3dba-40b2-8f8a-3007b278c726,HWHAP Fusion Fries,4.34,459,0.68
itm-4bfaa8db-8ce2-4d25-9f47-7292687d973f,Mac & Cheese,4.94,279,0.3
itm-0f6e5f9b-dd8a-41ab-98cc-76c67007b0f6,Shareable Southwest Salad,4.9,389,0.63
itm-4a74ff79-cd9a-4379-bbcc-e165e38f8b2d,Shake N' Fries,4.26,479,0.62
itm-d374559b-dbd0-4903-a0b5-186370cfa47e,50 Nugget Platter,4.22,482,0.57
itm-c52b1c75-6502-4442-b2b5-5d4bc5261686,HWHAP Tender (a la carte),4.5,332,0.47
itm-73294e1f-edd6-4b4f-93f4-8a5f7c1fcb7d,Woodchuck Cider 21oz,4.5,469,0.46
itm-353ad90c-25a9-4bfe-bdaa-bf8a06d34988,Chilled Blueberry Lavender Lemonade,4.95,405,0.34
itm-cf517e5a-e9de-4730-9762-66cbc2f6c8a9,Shake N' Waffle,4.24,180,0.68
itm-2e781662-4f7d-4695-a4f0-c4b714db6b61,Original Sandwich (a la carte),4.24,141,0.44
itm-46c660f3-56c4-4c0f-be65-73111db0b258,Cucumber Mojito (RTD),4.73,348,0.6
itm-525579f7-8aaf-44f1-aee5-a2ea9ac23a75,Happy Dad,4.53,210,0.68
itm-4dfb5e6c-0d06-46d1-9ed1-6afadb80c2bc,Cheesy Hot Chicken Sandwich,4.29,320,0.36
itm-eea64710-93da-4315-88b1-a7611dcc2f9a,Tenders & Waffle,4.74,403,0.54
itm-9c77ef76-3d2b-476e-8739-3be4c01fac01,Buffalo Sauce (2oz),4.73,123,0.41
itm-6cd536a3-c2d1-48fd-8341-471d27861a1a,HWHAP 2 Tender Meal,4.99,128,0.3
itm-f6a79eeb-1675-4a6b-8771-59ed28d44e13,Twisted Tea 16oz,4.44,208,0.68
itm-8f3ab216-1bad-43a0-9d60-a51922588050,Original Hot Chicken Sandwich,4.81,248,0.46
itm-7a96c3a4-a84a-4bdd-a379-285a0f6f10bf,Waffle (a la carte),4.21,482,0.52
itm-738e4280-633a-49a1-905f-544f10714605,HWHAP Southwest Salad,4.3,372,0.65
itm-9f47652c-03b5-47e8-8d20-9c071603e88c,Milkshake Strawberry,4.6,442,0.7
itm-fd08a007-c71f-4f63-b9fb-1f36eaf270be,Classic Sandwich (a la carte),4.26,479,0.32
itm-5b1d4975-8d51-4b9d-89ca-f1d4b4d43914,Ranch (2 oz),4.21,139,0.73
itm-4ab64d70-132c-4c7f-8a50-36403aca619f,Long Drink (RTD),4.66,393,0.5
itm-3cfc231d-be74-4966-a2be-4e19025d1312,Cilantro Ranch (2 oz),4.71,248,0.36
itm-43b06482-bfff-42d2-893f-e8b97ba8ea7c,Milkshake Vanilla,4.22,266,0.39
itm-40f7aa8f-f7a5-4198-bece-6f4f40836b05,Cheese Sauce (2 oz),4.96,335,0.72
itm-a84c7398-cac0-495a-b325-c0505b5a59c3,Modelo 21oz,4.94,145,0.52
itm-672586df-e4b7-4c86-ac43-eba337c2dd41,Classic Sandwich Platter,4.28,323,0.59
itm-96d9cb9f-965d-4a48-a7a4-7a48728b683b,Cheesy Sandwich (a la carte),4.62,302,0.74
itm-6ef47d89-379f-42cb-9fd9-eb13624fa88a,2 Tenders Meal,4.8,213,0.47
itm-025c64bd-1fe8-4c94-aa5f-849c0fcecbcc,Milkshake Chocolate,4.33,361,0.62
itm-d09bb1b8-2dfa-4001-9ec0-ca6daa910e8b,Caesar Dressing (2 oz),4.62,199,0.75
itm-33eb86f2-a60c-48c5-988b-4728ae75bb46,HWHAP Loaded Fries,4.48,472,0.78
itm-6a223087-c502-4ac8-a5f2-37d42d269f2b,Chilled Cucumber Watermelon Lemonade,4.72,175,0.42
itm-010ee972-2284-4c0a-a9d1-6718c90e37a6,Huss Hopalooza 16oz Cans,4.32,201,0.39
itm-f2188d4b-875f-497f-ae6d-ae794ec94d69,HWHAP Classic Chicken Sandwich Meal,4.32,488,0.63
itm-3134cea5-59cc-4af9-8f56-e8d177021491,Southwest Salad,4.34,495,0.61
itm-b6394c49-9c9e-4c9c-b6b2-edef4c65efeb,Shareable Caesar Salad,4.57,388,0.68
itm-ee029e85-43fc-4fe5-8c14-3b601a85c233,Red Velvet Wheely,4.56,389,0.62
itm-5911774c-fa33-48c8-b9cf-caac98ce6076,10 pc Nugget Meal,4.99,265,0.73
itm-2f095dc9-35a5-4351-afc8-9c7fc5056964,HWHAP Sandwich & Tender Meal,4.7,177,0.52
itm-c956ee8c-e419-45f7-a6c3-6dacc7785bad,Coleslaw (side),4.58,423,0.45
itm-45707a38-2333-4a8b-9f5c-8d833a2d7a93,Chocolate Chip Wheely,4.42,128,0.48
itm-66395af3-f9d3-48af-93d5-51018c84951a,Classic Chicken Sandwich,4.26,336,0.53
itm-a7b75507-c71b-4f0f-a3cc-93ca08508a83,Small Fountain Drink,4.25,246,0.34
itm-d1feb19f-6ddd-46bf-be64-700e8ba1b9fe,Fusion Fries,4.89,146,0.61
itm-ff48146e-a591-4fc7-8049-18244f2c946f,HWHAP 10 pc Nugget Meal,4.61,336,0.59
itm-c7a51f15-14d1-4229-ad8e-2f5f502f6ad6,Maple Syrup (2 oz),4.96,478,0.75
itm-7423faa3-9bd3-43a0-9910-499d65a75403,Double Double,4.56,392,0.63
itm-fe7e2e42-fae2-4a75-8bb3-f786d9528ab9,Fries (side),4.46,343,0.55
itm-1dcbf78c-e59f-466a-89a1-6ad975db6024,HWHAP 15 pc Nugget Meal,4.97,330,0.35
itm-31da48ed-b39a-46b1-80f7-63f0cf96f33a,Papago Orange Blossom 21oz,4.92,275,0.79
itm-2b7a49e8-941a-4cbc-9da3-c19d08d104bd,Kids Honest Juice,4.27,430,0.39
itm-e65393d7-b6e9-4cee-98fb-b16b5a6ee8a1,Frozen Cucumber Watermelon Lemonade,4.4,324,0.8
itm-dcc4de3a-5350-47a0-964f-a5dc7b74f753,Tender and Waffle Platter (20 tenders/10 waffles),4.62,412,0.38
itm-f994e3f5-a110-4252-b1c2-8c27bc7595fc,Small Fry Platter,4.5,244,0.49
itm-c7ad0503-82be-4293-ab6c-2e5f67cad885,Chicken Tortilla Soup,4.82,447,0.6
itm-38186933-1b33-49a5-ba73-29588ec7fcfc,Large Fry Platter,4.83,431,0.47
itm-dbf99e0a-7e92-4ba7-8205-6c73128c3ab0,Sandwich & Tender,4.46,385,0.64
itm-c06f5b3a-cfaf-469e-a3e0-44a4d33a53fe,Truly Wild Berry 21oz,4.43,470,0.73
itm-3d84832f-497f-4b35-98a9-3cc3dc66b7b1,Large Chips Platter,4.97,408,0.74
itm-16e6d161-9ac2-4522-adcb-d32827396c6e,Heineken 12oz,4.47,398,0.63
itm-1f39c072-e867-4780-a406-fc2c4c57fb94,Aquafina,4.93,258,0.78
itm-2ef37fa8-7cfd-4129-bcee-7167be6ab480,HWHAP Texas Caesar Salad,4.76,300,0.36
itm-3de59663-b8fb-42af-ac5f-21a7dac57b2a,Lagunitas IPA 21oz,4.77,143,0.45
itm-b482b1c3-1e98-4018-8567-895bbc88ff64,Kids Meal,4.5,268,0.71
itm-72ec50bd-1b62-4eaf-9521-d137893c76f1,Hop Water 12oz,4.74,478,0.8
itm-f2f8b88c-dd26-498e-95a2-bd3b73c49c3d,Red Bull,4.93,147,0.62
itm-3f92435a-f5a3-4548-81c0-404bfa194a0a,Large House Sauce (8oz),4.54,285,0.31
itm-a268499e-89a8-42c8-931c-2ea6c952702c,House Sauce (2 oz),4.45,209,0.47
itm-05bdb00d-43f6-41e0-8b33-154ef3972749,Dos XX Amber 12oz,4.81,198,0.41
itm-dafe1603-e54d-4682-9cd1-0c63f62d5d29,HWHAP Original Sandwich (a la carte),4.31,139,0.45
itm-41f8782a-6a9e-4880-a980-b7b8063d8a5a,HWHAP Chicken Tortilla Soup,4.83,359,0.69
itm-d544fb04-04d2-4b4b-aaba-86570922ded7,Coors Light 21oz,4.87,369,0.32
itm-f41a873e-886d-4028-8d1b-09d6240a4993,15 pc Nuggets (a la carte),4.47,492,0.61
itm-65184e36-ea5d-4925-b35b-cf771f1b2cef,10 pc Nuggets (a la carte),4.68,178,0.38
itm-4abe53f2-c0ca-4eb6-92bd-2c31d6e1b252,Honey (1 oz),4.87,494,0.61
itm-0665338c-f98a-4e9e-83fe-20c7cc47571d,Waffle Sandwich,4.92,469,0.52
itm-4fd9ddab-a342-4333-b553-58d9ce1347bb,HWHAP Original Hot Chicken Sandwich Meal,4.53,446,0.66
itm-deb4e484-6f9c-49f1-b2a1-dd03c4a35d0a,Loaded Fries,4.98,412,0.44
itm-f074970b-812c-4040-88a0-22287987a2ee,Coleslaw Platter,4.8,329,0.42
itm-32fb6ca4-677d-4d9d-8b8a-2db7cc128366,Frozen Strawberry Hibiscus Lemonade,4.39,340,0.75
itm-cb95ab63-de0f-4678-b735-6b512bf5978f,Chilled Strawberry Hibiscus Lemonade,4.36,447,0.77
itm-ae1e155f-c776-466b-888e-fe4ae35bf25b,HWHAP Cheesy Sandwich (a la carte),4.99,336,0.68
itm-c388754c-d758-44ff-b6f5-b46c8fed54a5,Lemonade Refill,4.82,357,0.56
itm-011ab9b2-df71-47ac-908b-4cd5429b1fb0,Original Sandwich Platter (10),4.97,202,0.7
itm-2e59bae7-bdb4-425b-8268-efe53e0ce3b4,Waffle Platter (10),4.31,228,0.33
itm-c8220ad8-b892-4228-bb67-8a5e20272cba,HWHAP Classic Sandwich (a la carte),4.58,290,0.58
itm-a059f585-7f19-4c6e-82b3-900f31a16d16,Pickles (side),4.28,364,0.73
itm-952a15b0-f10a-45d8-be69-d4c7e19ced35,Chips Platter,4.43,490,0.38
itm-0eaaefba-cdab-48fc-bfd7-0ef5de4bd194,Buns (a la carte),4.56,362,0.37
itm-615687fb-91f8-4cbf-800b-7c01716625fb,10 Tender Tray,4.55,213,0.71
itm-eae0d4e2-7dbc-4695-959a-0b753e7335ef,Blue Moon 16oz Cans,4.91,113,0.51
itm-6526863e-43a5-4d8c-95e5-a7a34dc617d7,Tenders and Waffle,4.52,291,0.42
itm-be2761cc-95d4-4fdd-9222-be53b25c28fa,HWHAP 15 pc Nuggets (a la carte),5,291,0.41
itm-e619b084-c34c-4820-82d8-e6f6a9920126,Blakes Hard Cider (16 oz Draft),4.45,150,0.72
itm-ced8e0f6-ae4d-44be-a368-480d74c1b344,Titos (Shot),4.72,174,0.37
itm-1a5a1d36-f852-4b9c-9c2e-1843b0776d21,Shareable Mac & Cheese,4.43,341,0.65
itm-9bf01c88-328d-4929-bb65-e657eebb0ae5,Regular Fountain Drink,4.31,461,0.53
itm-6fec8c23-b466-465b-9d19-4aeef2e941ff,15 pc Nugget Meal,4.69,140,0.31
itm-ca0e7d6a-6b02-494a-a089-a5299672103a,Cookie Crumble,4.37,176,0.57
itm-7ae98154-3e8c-452d-8338-abbf5a9b72f9,Cheese Fries,4.78,370,0.51
itm-c7c44760-4f96-4e1d-a9f9-f4d2c5d71cb2,BBQ Sauce (2 oz),4.82,221,0.45
itm-b24bf6a7-5180-4d50-925a-abe55fbd632f,Dos XX 21oz,4.24,314,0.62
itm-efc96219-4469-4119-9efb-da1371a988db,Frozen Blueberry Lavender Lemonade,4.7,132,0.36
itm-cc939ce7-e74a-481a-a4ba-5915f22fa8f5,HWHAP 10 pc Nuggets (a la carte),4.92,405,0.57
itm-0438c97c-5c77-4894-9ffc-aea05927810f,Large Cheese Sauce (8oz),4.71,394,0.42
itm-a2e4c7b7-6ec5-49cd-bea1-ef6b6fe6e41e,HWHAP Cheesy Hot Chicken Sandwich Meal,4.31,319,0.3
itm-3f434ebe-b8f5-4771-88e8-3776fdf2260b,20 Tender Platter,4.48,392,0.51
itm-746733fe-6409-4629-9239-eb7a6ef39343,5 pc Nuggets (a la carte),4.73,143,0.56
itm-d4c5091e-7bcb-44e2-a3e0-034de5476ee7,Corona Premier 12oz,4.49,369,0.57
itm-07e619aa-092d-4d74-84be-912c3803efcf,Ruby Red Mojito (RTD),4.83,359,0.58
itm-f94ab853-80bc-4782-885b-46570c2b7f83,Casadores (Shot),4.51,340,0.32
itm-fefc6241-54bc-4b4a-bc75-9f2869fc6b69,House Mazes Bahnhof\Spanish Steps (16 oz Draft),4.51,291,0.43
itm-68817b7e-02d4-4d56-9d30-3281f5c98dc7,Texas Caesar Salad,4.21,134,0.47
itm-0839d164-4b20-4b3b-8bd8-d5c242244591,HWHAP 5 pc Nuggets (a la carte),4.79,421,0.35
itm-4a3edc83-321b-476c-bc2b-a09b4e39dd9f,Breast (a la carte),4.67,487,0.47
itm-0a728067-65db-4711-8ef4-935542d665c5,Original Party Package,4.24,379,0.47
itm-5fbf8d04-ddb0-443f-bb8c-caab2ef80e2c,Cookie Monster Wheely,4.71,498,0.64
itm-f9440f35-0087-421f-9123-564f7d302067,HWHAP Tenders and Slaw,4.98,345,0.62
itm-421deebb-2376-48c1-8463-9355302c92aa,HWHAP 3 Tenders and Fries Meal,4.85,132,0.66
itm-8d20b359-67cc-460d-be15-6a6c7c9fb68a,Pellegrino Sparkling,4.95,118,0.45
itm-fc18f8de-3737-4e24-ad6b-07b2b501a53a,HWHAP SPICE CHALLENGE,4.24,202,0.74
itm-0616c8d2-3f4b-434a-b20f-86688c18aaa6,3 Tenders & Fries,4.45,258,0.56
itm-5a9c36b7-c7cf-475e-b3cf-1d80fed761a2,Tender (a la carte),4.99,378,0.54
itm-2550a7f4-a622-4b7d-98d4-1117c72e58b4,Frozen Regular Lemonade,4.23,431,0.4
itm-49fe5551-4b19-49b5-835f-2aa99b81ab84,Modelo Chelada Bomber 24oz,4.49,499,0.32
itm-c2f6c47a-434e-4b55-9446-e07844eb683d,The Mondi,4.72,239,0.36
itm-d762c964-232a-4544-984f-ba150a130855,Large Ranch (8oz),4.49,304,0.67
itm-3ec63724-c3f8-4bea-8b74-e210904ef72e,Tenders and Waffle,4.92,297,0.47
itm-56f337d5-430e-4ced-be8b-be726241af20,HWHAP Cheesy Hot Chicken Sandwich Meal,4.35,454,0.55
itm-ee2678e8-1bfb-433a-b17d-4aba58827035,15 pc Nugget Meal,4.94,365,0.43
itm-782af4f0-3c6a-45bd-9eff-c58c914e63c0,HWHAP Sandwich & Tender Meal,4.27,317,0.34
itm-19442478-41d3-4dab-bceb-3e0560a7758d,2 Tender Boxed Lunch,4.68,192,0.57
itm-218f7c9c-eb0f-4fe9-baba-e72db14d2e6a,HWHAP Texas Caesar Salad,4.46,140,0.46
itm-01b28971-36c1-4b92-8e54-ca392a56e87b,Chips Platter,4.44,328,0.6
itm-d2edb8b7-d34d-476a-b185-776465814031,Tender Platter,4.54,453,0.52
itm-b4598e56-13ef-4ec3-821a-4520fc83693f,Chilled Cucumber Watermelon Lemonade,4.56,472,0.74
itm-f6be3cbc-dbb1-4d3c-b56d-475758ff8e97,Red Velvet Wheely,4.48,322,0.44
itm-27445316-2b2c-4a52-8a38-0037db920d05,Chicken Tortilla Soup,4.98,129,0.34
itm-227e0df9-2a8f-4df9-aead-bfda85cdcade,Texas Caesar Salad Boxed Lunch,4.71,286,0.56
itm-f439014b-8cd0-4825-a93d-939d5ed6cd85,3 Tenders & Fries,4.8,181,0.78
itm-736a2b46-a0a3-4b87-960f-10d8f50a16d6,Large Fountain Drinks,4.31,411,0.64
itm-70cd25f8-26ec-49ee-8ed5-6d8e9748a6c2,Cheese Sauce (2 oz),4.55,164,0.33
itm-8b21d0b1-de49-4513-a2dc-c18880eaf411,Tender (a la carte),4.82,287,0.48
itm-5ccf1e69-0946-4f96-bcc9-3c863019b69e,Cheese Fries,4.96,116,0.6
itm-30d0f76f-e6a8-45b7-a715-ff81faef26d6,HWHAP SPICE CHALLENGE,4.74,289,0.49
itm-7fcc1068-2622-49fd-b00b-f7ca643f7eda,Regular Fountain Drink,4.81,393,0.37
itm-57b1c78c-59d2-42b0-bf57-5ea156ee1936,HWHAP 2 Tender Meal,4.49,260,0.62
itm-05b4ef7b-8c20-4a40-9fe6-95d464984cac,Texas Caesar Salad,4.4,158,0.31
itm-5adfe56a-d633-48d2-a98f-5f7d2c38a126,Frozen Regular Lemonade,4.35,365,0.49
itm-db0020fe-dce4-457d-9090-f1509a2ad7e9,HWHAP Original Sandwich (a la carte),4.65,234,0.69
itm-fe38188d-f8d1-407e-b351-5b868b14a0bd,Classic Sandwich (a la carte),4.76,209,0.8
itm-8f78aff3-ec7d-4109-8496-bb676cf59023,HWHAP Fusion Fries,4.43,351,0.4
itm-56108277-f92c-4c54-8277-e924ce56296f,Large Chips Platter,4.31,137,0.53
itm-87c3d657-7481-43c5-9c45-c0769ac547f5,15 pc Nuggets (a la carte),4.92,327,0.8
itm-05bda40f-5977-42fc-b053-20554a034c87,Cookie Crumble,4.85,263,0.63
itm-b0f06a77-07aa-4eac-9c63-fa8e1bb3957f,HWHAP Classic Sandwich (a la carte),4.77,381,0.57
itm-ff2fd12a-31a5-4b73-a664-a73cfcea74b4,Maple Syrup (2 oz),4.91,180,0.66
itm-0370e711-4b28-4ee2-8900-7899f6d0ce53,Ranch (2 oz),4.94,426,0.39
itm-18daeeb2-1aed-4cfd-acd8-068c961c4b3f,Coleslaw Platter,4.49,214,0.36
itm-d37dc926-7bcb-47c9-8628-bd2b85bb9ee5,HWHAP Southwest Salad,4.36,171,0.42
itm-9ce27939-de74-414b-87e6-489f336c6df7,HWHAP Tender (a la carte),4.6,284,0.58
itm-b7e60dc9-b857-4d1e-865b-e69a3b9b688c,Chicken Sandwich Platter,4.5,382,0.36
itm-ccee4271-3d38-4d3c-9216-75eeccc7a679,Pellegrino Sparkling,4.91,133,0.45
itm-111ba3b8-fe2a-4bc0-b412-f2e41aa03775,HWHAP 10 pc Nugget Meal,5,468,0.54
itm-235672f5-9135-4244-a34c-a0d45d411ea0,Cheesy Sandwich (a la carte),4.53,309,0.71
itm-c971f677-7ea0-4a03-8269-50e68c39ee0d,Shareable Mac & Cheese,4.26,262,0.62
itm-12a5d65c-dd1e-4d70-8d38-95db227b17d2,Tender and Waffle Platter (20 tenders/10 waffles),4.56,448,0.56
itm-1dee2889-d03d-4bdd-a27b-673b1764c784,Original Sandwich Platter (10),4.3,499,0.58
itm-d9ba4bf3-9725-4f39-90ee-324c47e01e94,Sandwich & Tender,4.67,493,0.78
itm-a1b13c78-5a05-474e-865c-f73f77e1fb4e,Tenders & Waffle,4.55,128,0.72
itm-099f2119-0706-4442-af54-a0d83287b3df,Chilled Strawberry Hibiscus Lemonade,4.61,255,0.38
itm-5cf07d18-eea6-40fd-8a2d-52c39fc69482,Plates (Per Person),4.46,463,0.41
itm-05439bf0-b4cb-4e17-a5e4-cc2cf59280e7,Cilantro Ranch (2 oz),4.96,365,0.75
itm-5ea4943e-78d3-438a-9091-0a978500cd4e,Classic Sandwich Platter,4.88,228,0.4
itm-feb6c0d6-8364-4437-9edc-c05a995f80fe,Original Sandwich (a la carte),4.97,240,0.36
itm-5c5d6f43-8213-4ce2-8167-df1c39b533c6,Large Fry Platter,4.44,373,0.35
itm-09c82ec8-9392-4d34-872b-485778bef2c7,HWHAP Cheesy Sandwich (a la carte),4.71,403,0.77
itm-882d7ef8-5e4e-4203-a55f-fcfce1bf9021,Coleslaw Platter,4.32,437,0.61
itm-bcde5449-d528-4589-bbd4-aea84b53ff8a,HWHAP Tenders and Slaw,4.92,272,0.72
itm-337fbe9e-c36f-4b6e-90a1-1de5f2a7bbbf,HWHAP Original Hot Chicken Sandwich Meal,4.65,114,0.34
itm-1c3172e1-addb-44ea-b931-9aa78ef98795,Large Ranch (8oz),4.96,494,0.59
itm-895dde95-76ad-47e8-86b7-8cdbc648384e,Southwest Salad,4.72,492,0.59
itm-ccb5644a-4cc5-44e2-a66b-3ffe8ac2a852,2 Tenders & Waffle Boxed Lunch,4.69,115,0.55
itm-7a200ad0-827d-4330-950a-ce5a4bf1b2fb,Small Fry Platter,4.7,248,0.62
itm-6c5bccca-708e-41f6-b767-c523770f4651,Breast (a la carte),4.44,225,0.7
itm-6c802ed9-8150-4089-9c52-6835cf96111b,Kids Meal,4.75,252,0.53
itm-98884f12-5011-4f5f-bb06-da7bdc318110,Cheesy Hot Chicken Sandwich,4.75,180,0.52
itm-76c00835-b3a5-4304-a287-01f482246671,Shareable Southwest Salad,4.59,204,0.47
itm-1fd0a0ac-3408-4ccb-bec0-d8216d6c25c8,HWHAP Loaded Fries,4.31,467,0.46
itm-3b920a56-97de-4ba9-a8d0-d4cb189c4f97,Mac & Cheese,4.99,276,0.79
itm-42a55b58-2625-45d8-b27a-b088bc3932b1,Regular Fountain Drinks,4.3,289,0.56
itm-c971f677-7ea0-4a03-8269-50e68c39ee0d,Shareable Mac & Cheese,4.28,223,0.53
itm-8ce8d982-a4b8-43a7-99e4-16c81171ff03,Frozen Strawberry Hibiscus Lemonade,4.41,226,0.37
itm-052ad069-e52f-4762-822b-4b66b0fc78d5,Shareable Caesar Salad,4.24,296,0.73
itm-37b9d507-c489-44f3-8b0d-b86fa99f4cfb,Chilled Blueberry Lavender Lemonade,4.53,181,0.71
itm-d9e2ba45-81ec-4e9e-9641-ab3c6436b725,3 Tenders Boxed Lunch,4.95,469,0.46
itm-72254011-40a2-48b7-96a9-ced47568bda9,Original Hot Chicken Sandwich,4.81,355,0.8
itm-e661999e-44c1-422e-ad32-ef3a99d549a7,Shake N' Waffle,4.57,257,0.55
itm-7c8b22bc-53ab-46b3-ba34-08df9431472d,Milkshake Strawberry,4.27,301,0.55
itm-984d8497-7a09-4d24-9dbb-5643faa45392,Frozen Cucumber Watermelon Lemonade,4.97,210,0.59
itm-4e1778d6-eee9-44a4-a5bb-ad65a5e45776,Original Chicken Sandwich Boxed Lunch,4.24,244,0.55
itm-715d6e8f-a345-4444-b857-8841d6216a77,Waffle Sandwich,4.91,434,0.64
itm-b5f1d2d7-31a9-4a4f-87a0-c74210764c26,Frozen Blueberry Lavender Lemonade,4.43,104,0.72
itm-052ad069-e52f-4762-822b-4b66b0fc78d5,Shareable Caesar Salad,4.54,235,0.66
itm-fca51943-da99-4059-b5f1-1e5c45e4de16,10 pc Nuggets (a la carte),4.81,287,0.32
itm-e7f1efaf-786c-4f4d-87cf-4d0fc1692c8a,Pickles (side),4.24,387,0.4
itm-0cf8eecb-29d1-4ffd-a415-230aca9cb8b8,Red Bull,4.64,137,0.49
itm-9f8a32cf-6157-47cd-a30d-509392740b50,10 pc Nugget Meal,4.56,381,0.44
itm-6a4e5105-94c4-4805-b772-4141fc8069fd,Honey (1 oz),4.99,448,0.61
itm-c8a040be-4b7b-4d80-aceb-79d50531f8be,The Mondi,4.3,149,0.5
itm-9bd1a828-d8c1-442d-9e8a-018d5c9c325a,Coleslaw (side),4.84,273,0.58
itm-91768a1f-4ad1-497d-8968-5e618f071363,Classic Chicken Sandwich Boxed Lunch,4.49,173,0.4
itm-36b5e1d7-2e40-4ca7-b359-1d208ba39f84,Caesar Dressing (2 oz),4.61,356,0.32
itm-6aed1a6a-2748-4afb-87ba-02099b737f5e,Milkshake Peppermint,4.23,465,0.47
itm-76c00835-b3a5-4304-a287-01f482246671,Shareable Southwest Salad,4.58,333,0.37
itm-e5330123-0b0c-4420-8422-204bdd552465,Buns (a la carte),4.91,171,0.46
itm-16116937-ec97-4f21-8333-8d81e6cdbb80,50 Nugget Platter,4.69,183,0.5
itm-3b920a56-97de-4ba9-a8d0-d4cb189c4f97,Mac & Cheese,4.69,253,0.6
itm-6aed1a6a-2748-4afb-87ba-02099b737f5e,Milkshake Peppermint,4.61,360,0.57
itm-3413c17a-41b5-474d-b106-06be5f6509ec,BBQ Sauce (2 oz),4.77,253,0.54
itm-6836afb2-a00d-483a-b1ee-e75268959bdf,Pickle Platter,4.21,269,0.64
itm-69c1c853-d3c5-4cf1-8d42-4b32fca6908d,Southwest Salad Boxed Lunch,4.98,398,0.45
itm-7a200ad0-827d-4330-950a-ce5a4bf1b2fb,Small Fry Platter,4.92,452,0.61
itm-6ed3be5c-6553-49c4-ac3c-dbf4ae4cc062,Buffalo Sauce (2oz),4.68,235,0.78
itm-ec22ce29-e66d-4ea0-a39e-4486888cd124,2 Tenders Meal,4.83,497,0.59
itm-057a936c-2335-4602-a6e6-de8c945cc695,Milkshake Chocolate,4.38,126,0.59
itm-745cb2f5-5309-447f-b694-08f7b41bebc2,Aquafina,4.34,422,0.66
itm-25b2119c-7a73-4ec0-a930-3d0c2894af79,Kids Honest Juice,4.82,294,0.37
itm-dd17b451-81d5-418e-a1f6-f726e68cf378,Cookie Monster Wheely,4.74,116,0.59
itm-95fbfb51-c106-48e6-9a8a-edc293e08726,HWHAP Chicken Tortilla Soup,4.76,197,0.31
itm-9bba6184-7457-446b-aaa5-f1afefd1aea8,Tenders and Slaw,4.45,177,0.51
itm-2b802d9f-a5a2-4601-8de1-49064a0fab6f,Waffle (a la carte),4.36,356,0.69
itm-7a003f9f-25c1-4182-b04a-4c5b81dc2a76,Large House Sauce (8oz),4.94,476,0.66
itm-3e4b1266-87af-4641-94c9-2cd83cf1dc77,Waffle Platter (10),4.76,365,0.4
itm-3cd61c88-f68c-4278-a29e-31489f69db60,Shake N' Fries,4.46,439,0.54
itm-84cde381-bc1c-4c7a-8011-0e98341891f4,Sandwich & Tender Boxed Lunch,4.5,188,0.53
itm-3ee97f85-a9d3-4678-adc3-16544b27a997,Fries (side),4.63,379,0.48
itm-4096cf42-7395-4fb4-9853-07c5cd52cd33,10 Tender Tray,4.82,469,0.64
itm-571c9ac0-cae0-4941-bcd5-e8d88f2d724d,HWHAP 15 pc Nugget Meal,4.84,235,0.61
itm-a9ce0b29-6892-466d-9813-5c7506f7914e,Milkshake Vanilla,4.35,226,0.44
itm-8867f72c-e47e-4970-8fda-7dc6fe666aaf,Fusion Fries,4.44,252,0.69
itm-e0275e54-a5e7-4714-b3a8-f8b6ae1718b0,HWHAP Classic Chicken Sandwich Meal,4.76,453,0.65
itm-44fffb5f-7346-4a55-b971-77199778609e,5 pc Nuggets (a la carte),4.45,278,0.58
itm-5ea4943e-78d3-438a-9091-0a978500cd4e,Classic Sandwich Platter,4.95,469,0.44
itm-f30c991c-73cf-444b-be43-d0b5fc9b7795,Lemonade Refill,4.3,446,0.57
itm-0df079f2-38b0-4654-a6fe-74642b795a7c,Double Double,4.92,302,0.71
itm-40871f82-0bc5-44b8-9b55-d21741dcc94e,Tender and Waffle Platter,4.96,174,0.45
itm-072dfab7-80c1-42dc-8f56-726f1c749135,Small Fountain Drink,4.43,465,0.34
itm-d975150f-1c3c-4cb3-857f-ff5eddd75e01,HWHAP 15 pc Nuggets (a la carte),4.94,435,0.43
itm-a6aa077f-e043-4c55-a0f1-3fcaad580c16,Original Party Package,4.58,203,0.71
itm-cd0c4785-374c-4bab-8f6c-66c099060b75,HWHAP 10 pc Nuggets (a la carte),4.42,387,0.65
itm-38e949c5-f3d5-48be-8b2e-0d5ce80c6f68,20 Tender Platter,4.31,415,0.67
itm-90eb4882-346c-46d8-a4aa-dc01f1500b4b,Large Cheese Sauce (8oz),4.39,125,0.63
itm-caaf73ac-71c4-4b43-9b79-4f2c8ff84296,HWHAP 5 pc Nuggets (a la carte),4.62,426,0.42
itm-b87e14ae-800c-4088-9a98-095475dc04ea,Utensils (per person),4.28,269,0.66
itm-ba15aea2-98e5-4407-b153-ea947ea35242,Chocolate Chip Wheely,4.28,494,0.37
itm-84187632-ebe9-4b42-8b4b-0be2815bcbdf,HWHAP 3 Tenders and Fries Meal,4.97,180,0.5
itm-9b03953a-ae65-42a3-b54a-dae8bf07335e,Loaded Fries,4.95,343,0.54
itm-1ede0773-df6f-4c26-87d7-9529413ff761,Classic Chicken Sandwich,4.36,247,0.46
itm-42b0a2fc-9c74-4649-9acb-45f6889b5bbc,House Sauce (2 oz),4.72,493,0.34
